"","eventID","occurrenceID","recordedBy","measurementType","measurementValue","measurementUnit"
"1","3_1929-12-01","3_1929-12-01_A55","Edgar Anderson","sepal length",6.5,"cm"
"2","3_1929-12-01","3_1929-12-01_A55","Edgar Anderson","sepal width",2.8,"cm"
"3","3_1929-12-01","3_1929-12-01_A55","Edgar Anderson","petal length",4.6,"cm"
"4","3_1929-12-01","3_1929-12-01_A55","Edgar Anderson","petal width",1.5,"cm"
"5","3_1929-12-01","3_1929-12-01_A67","Edgar Anderson","sepal length",5.6,"cm"
"6","3_1929-12-01","3_1929-12-01_A67","Edgar Anderson","sepal width",3,"cm"
"7","3_1929-12-01","3_1929-12-01_A67","Edgar Anderson","petal length",4.5,"cm"
"8","3_1929-12-01","3_1929-12-01_A67","Edgar Anderson","petal width",1.5,"cm"
"9","3_1929-12-01","3_1929-12-01_A76","Edgar Anderson","sepal length",6.6,"cm"
"10","3_1929-12-01","3_1929-12-01_A76","Edgar Anderson","sepal width",3,"cm"
"11","3_1929-12-01","3_1929-12-01_A76","Edgar Anderson","petal length",4.4,"cm"
"12","3_1929-12-01","3_1929-12-01_A76","Edgar Anderson","petal width",1.4,"cm"
"13","3_1929-12-01","3_1929-12-01_A79","Edgar Anderson","sepal length",6,"cm"
"14","3_1929-12-01","3_1929-12-01_A79","Edgar Anderson","sepal width",2.9,"cm"
"15","3_1929-12-01","3_1929-12-01_A79","Edgar Anderson","petal length",4.5,"cm"
"16","3_1929-12-01","3_1929-12-01_A79","Edgar Anderson","petal width",1.5,"cm"
"17","3_1929-12-01","3_1929-12-01_A91","Edgar Anderson","sepal length",5.5,"cm"
"18","3_1929-12-01","3_1929-12-01_A91","Edgar Anderson","sepal width",2.6,"cm"
"19","3_1929-12-01","3_1929-12-01_A91","Edgar Anderson","petal length",4.4,"cm"
"20","3_1929-12-01","3_1929-12-01_A91","Edgar Anderson","petal width",1.2,"cm"
"21","3_1929-12-01","3_1929-12-01_A106","Edgar Anderson","sepal length",7.6,"cm"
"22","3_1929-12-01","3_1929-12-01_A106","Edgar Anderson","sepal width",3,"cm"
"23","3_1929-12-01","3_1929-12-01_A106","Edgar Anderson","petal length",6.6,"cm"
"24","3_1929-12-01","3_1929-12-01_A106","Edgar Anderson","petal width",2.1,"cm"
"25","3_1929-12-01","3_1929-12-01_A121","Edgar Anderson","sepal length",6.9,"cm"
"26","3_1929-12-01","3_1929-12-01_A121","Edgar Anderson","sepal width",3.2,"cm"
"27","3_1929-12-01","3_1929-12-01_A121","Edgar Anderson","petal length",5.7,"cm"
"28","3_1929-12-01","3_1929-12-01_A121","Edgar Anderson","petal width",2.3,"cm"
"29","3_1929-12-01","3_1929-12-01_A130","Edgar Anderson","sepal length",7.2,"cm"
"30","3_1929-12-01","3_1929-12-01_A130","Edgar Anderson","sepal width",3,"cm"
"31","3_1929-12-01","3_1929-12-01_A130","Edgar Anderson","petal length",5.8,"cm"
"32","3_1929-12-01","3_1929-12-01_A130","Edgar Anderson","petal width",1.6,"cm"
"33","3_1929-12-01","3_1929-12-01_A43","Edgar Anderson","sepal length",4.4,"cm"
"34","3_1929-12-01","3_1929-12-01_A43","Edgar Anderson","sepal width",3.2,"cm"
"35","3_1929-12-01","3_1929-12-01_A43","Edgar Anderson","petal length",1.3,"cm"
"36","3_1929-12-01","3_1929-12-01_A43","Edgar Anderson","petal width",0.2,"cm"
"37","3_1929-12-01","3_1929-12-01_A124","Edgar Anderson","sepal length",6.3,"cm"
"38","3_1929-12-01","3_1929-12-01_A124","Edgar Anderson","sepal width",2.7,"cm"
"39","3_1929-12-01","3_1929-12-01_A124","Edgar Anderson","petal length",4.9,"cm"
"40","3_1929-12-01","3_1929-12-01_A124","Edgar Anderson","petal width",1.8,"cm"
"41","3_1929-12-01","3_1929-12-01_A25","Edgar Anderson","sepal length",4.8,"cm"
"42","3_1929-12-01","3_1929-12-01_A25","Edgar Anderson","sepal width",3.4,"cm"
"43","3_1929-12-01","3_1929-12-01_A25","Edgar Anderson","petal length",1.9,"cm"
"44","3_1929-12-01","3_1929-12-01_A25","Edgar Anderson","petal width",0.2,"cm"
"45","3_1929-12-01","3_1929-12-01_A34","Edgar Anderson","sepal length",5.5,"cm"
"46","3_1929-12-01","3_1929-12-01_A34","Edgar Anderson","sepal width",4.2,"cm"
"47","3_1929-12-01","3_1929-12-01_A34","Edgar Anderson","petal length",1.4,"cm"
"48","3_1929-12-01","3_1929-12-01_A34","Edgar Anderson","petal width",0.2,"cm"
"49","3_1929-12-01","3_1929-12-01_A49","Edgar Anderson","sepal length",5.3,"cm"
"50","3_1929-12-01","3_1929-12-01_A49","Edgar Anderson","sepal width",3.7,"cm"
"51","3_1929-12-01","3_1929-12-01_A49","Edgar Anderson","petal length",1.5,"cm"
"52","3_1929-12-01","3_1929-12-01_A49","Edgar Anderson","petal width",0.2,"cm"
"53","3_1929-12-01","3_1929-12-01_A4","Edgar Anderson","sepal length",4.6,"cm"
"54","3_1929-12-01","3_1929-12-01_A4","Edgar Anderson","sepal width",3.1,"cm"
"55","3_1929-12-01","3_1929-12-01_A4","Edgar Anderson","petal length",1.5,"cm"
"56","3_1929-12-01","3_1929-12-01_A4","Edgar Anderson","petal width",0.2,"cm"
"57","3_1929-12-01","3_1929-12-01_A148","Edgar Anderson","sepal length",6.5,"cm"
"58","3_1929-12-01","3_1929-12-01_A148","Edgar Anderson","sepal width",3,"cm"
"59","3_1929-12-01","3_1929-12-01_A148","Edgar Anderson","petal length",5.2,"cm"
"60","3_1929-12-01","3_1929-12-01_A148","Edgar Anderson","petal width",2,"cm"
"61","3_1929-12-01","3_1929-12-01_A31","Edgar Anderson","sepal length",4.8,"cm"
"62","3_1929-12-01","3_1929-12-01_A31","Edgar Anderson","sepal width",3.1,"cm"
"63","3_1929-12-01","3_1929-12-01_A31","Edgar Anderson","petal length",1.6,"cm"
"64","3_1929-12-01","3_1929-12-01_A31","Edgar Anderson","petal width",0.2,"cm"
"65","3_1929-12-01","3_1929-12-01_A7","Edgar Anderson","sepal length",4.6,"cm"
"66","3_1929-12-01","3_1929-12-01_A7","Edgar Anderson","sepal width",3.4,"cm"
"67","3_1929-12-01","3_1929-12-01_A7","Edgar Anderson","petal length",1.4,"cm"
"68","3_1929-12-01","3_1929-12-01_A7","Edgar Anderson","petal width",0.3,"cm"
"69","3_1929-12-01","3_1929-12-01_A28","Edgar Anderson","sepal length",5.2,"cm"
"70","3_1929-12-01","3_1929-12-01_A28","Edgar Anderson","sepal width",3.5,"cm"
"71","3_1929-12-01","3_1929-12-01_A28","Edgar Anderson","petal length",1.5,"cm"
"72","3_1929-12-01","3_1929-12-01_A28","Edgar Anderson","petal width",0.2,"cm"
"73","3_1929-12-01","3_1929-12-01_A73","Edgar Anderson","sepal length",6.3,"cm"
"74","3_1929-12-01","3_1929-12-01_A73","Edgar Anderson","sepal width",2.5,"cm"
"75","3_1929-12-01","3_1929-12-01_A73","Edgar Anderson","petal length",4.9,"cm"
"76","3_1929-12-01","3_1929-12-01_A73","Edgar Anderson","petal width",1.5,"cm"
"77","3_1929-12-01","3_1929-12-01_A88","Edgar Anderson","sepal length",6.3,"cm"
"78","3_1929-12-01","3_1929-12-01_A88","Edgar Anderson","sepal width",2.3,"cm"
"79","3_1929-12-01","3_1929-12-01_A88","Edgar Anderson","petal length",4.4,"cm"
"80","3_1929-12-01","3_1929-12-01_A88","Edgar Anderson","petal width",1.3,"cm"
"81","3_1929-12-01","3_1929-12-01_A58","Edgar Anderson","sepal length",4.9,"cm"
"82","3_1929-12-01","3_1929-12-01_A58","Edgar Anderson","sepal width",2.4,"cm"
"83","3_1929-12-01","3_1929-12-01_A58","Edgar Anderson","petal length",3.3,"cm"
"84","3_1929-12-01","3_1929-12-01_A58","Edgar Anderson","petal width",1,"cm"
"85","3_1929-12-01","3_1929-12-01_A118","Edgar Anderson","sepal length",7.7,"cm"
"86","3_1929-12-01","3_1929-12-01_A118","Edgar Anderson","sepal width",3.8,"cm"
"87","3_1929-12-01","3_1929-12-01_A118","Edgar Anderson","petal length",6.7,"cm"
"88","3_1929-12-01","3_1929-12-01_A118","Edgar Anderson","petal width",2.2,"cm"
"89","3_1929-12-01","3_1929-12-01_A46","Edgar Anderson","sepal length",4.8,"cm"
"90","3_1929-12-01","3_1929-12-01_A46","Edgar Anderson","sepal width",3,"cm"
"91","3_1929-12-01","3_1929-12-01_A46","Edgar Anderson","petal length",1.4,"cm"
"92","3_1929-12-01","3_1929-12-01_A46","Edgar Anderson","petal width",0.3,"cm"
"93","3_1929-12-01","3_1929-12-01_A139","Edgar Anderson","sepal length",6,"cm"
"94","3_1929-12-01","3_1929-12-01_A139","Edgar Anderson","sepal width",3,"cm"
"95","3_1929-12-01","3_1929-12-01_A139","Edgar Anderson","petal length",4.8,"cm"
"96","3_1929-12-01","3_1929-12-01_A139","Edgar Anderson","petal width",1.8,"cm"
"97","3_1929-12-01","3_1929-12-01_A142","Edgar Anderson","sepal length",6.9,"cm"
"98","3_1929-12-01","3_1929-12-01_A142","Edgar Anderson","sepal width",3.1,"cm"
"99","3_1929-12-01","3_1929-12-01_A142","Edgar Anderson","petal length",5.1,"cm"
"100","3_1929-12-01","3_1929-12-01_A142","Edgar Anderson","petal width",2.3,"cm"
"101","3_1929-12-01","3_1929-12-01_A37","Edgar Anderson","sepal length",5.5,"cm"
"102","3_1929-12-01","3_1929-12-01_A37","Edgar Anderson","sepal width",3.5,"cm"
"103","3_1929-12-01","3_1929-12-01_A37","Edgar Anderson","petal length",1.3,"cm"
"104","3_1929-12-01","3_1929-12-01_A37","Edgar Anderson","petal width",0.2,"cm"
"105","3_1929-12-01","3_1929-12-01_A97","Edgar Anderson","sepal length",5.7,"cm"
"106","3_1929-12-01","3_1929-12-01_A97","Edgar Anderson","sepal width",2.9,"cm"
"107","3_1929-12-01","3_1929-12-01_A97","Edgar Anderson","petal length",4.2,"cm"
"108","3_1929-12-01","3_1929-12-01_A97","Edgar Anderson","petal width",2.3,"cm"
"109","3_1929-12-01","3_1929-12-01_A16","Edgar Anderson","sepal length",5.7,"cm"
"110","3_1929-12-01","3_1929-12-01_A16","Edgar Anderson","sepal width",4.4,"cm"
"111","3_1929-12-01","3_1929-12-01_A16","Edgar Anderson","petal length",1.5,"cm"
"112","3_1929-12-01","3_1929-12-01_A16","Edgar Anderson","petal width",0.4,"cm"
"113","3_1929-12-01","3_1929-12-01_A70","Edgar Anderson","sepal length",5.6,"cm"
"114","3_1929-12-01","3_1929-12-01_A70","Edgar Anderson","sepal width",2.5,"cm"
"115","3_1929-12-01","3_1929-12-01_A70","Edgar Anderson","petal length",3.9,"cm"
"116","3_1929-12-01","3_1929-12-01_A70","Edgar Anderson","petal width",1.1,"cm"
"117","3_1929-12-01","3_1929-12-01_A103","Edgar Anderson","sepal length",7.1,"cm"
"118","3_1929-12-01","3_1929-12-01_A103","Edgar Anderson","sepal width",3,"cm"
"119","3_1929-12-01","3_1929-12-01_A103","Edgar Anderson","petal length",5.9,"cm"
"120","3_1929-12-01","3_1929-12-01_A103","Edgar Anderson","petal width",2.1,"cm"
"121","3_1929-12-01","3_1929-12-01_A127","Edgar Anderson","sepal length",6.2,"cm"
"122","3_1929-12-01","3_1929-12-01_A127","Edgar Anderson","sepal width",2.8,"cm"
"123","3_1929-12-01","3_1929-12-01_A127","Edgar Anderson","petal length",4.8,"cm"
"124","3_1929-12-01","3_1929-12-01_A127","Edgar Anderson","petal width",1.8,"cm"
"125","3_1929-12-01","3_1929-12-01_A40","Edgar Anderson","sepal length",5.1,"cm"
"126","3_1929-12-01","3_1929-12-01_A40","Edgar Anderson","sepal width",3.4,"cm"
"127","3_1929-12-01","3_1929-12-01_A40","Edgar Anderson","petal length",1.5,"cm"
"128","3_1929-12-01","3_1929-12-01_A40","Edgar Anderson","petal width",0.2,"cm"
"129","3_1929-12-01","3_1929-12-01_A10","Edgar Anderson","sepal length",4.9,"cm"
"130","3_1929-12-01","3_1929-12-01_A10","Edgar Anderson","sepal width",3.1,"cm"
"131","3_1929-12-01","3_1929-12-01_A10","Edgar Anderson","petal length",1.5,"cm"
"132","3_1929-12-01","3_1929-12-01_A10","Edgar Anderson","petal width",0.1,"cm"
"133","3_1929-12-01","3_1929-12-01_A134","Edgar Anderson","sepal length",4.8,"cm"
"134","3_1929-12-01","3_1929-12-01_A134","Edgar Anderson","sepal width",3,"cm"
"135","3_1929-12-01","3_1929-12-01_A134","Edgar Anderson","petal length",1.4,"cm"
"136","3_1929-12-01","3_1929-12-01_A134","Edgar Anderson","petal width",0.1,"cm"
"137","3_1929-12-01","3_1929-12-01_A61","Edgar Anderson","sepal length",5,"cm"
"138","3_1929-12-01","3_1929-12-01_A61","Edgar Anderson","sepal width",2,"cm"
"139","3_1929-12-01","3_1929-12-01_A61","Edgar Anderson","petal length",3.5,"cm"
"140","3_1929-12-01","3_1929-12-01_A61","Edgar Anderson","petal width",1,"cm"
"141","3_1929-12-01","3_1929-12-01_A100","Edgar Anderson","sepal length",5.7,"cm"
"142","3_1929-12-01","3_1929-12-01_A100","Edgar Anderson","sepal width",2.8,"cm"
"143","3_1929-12-01","3_1929-12-01_A100","Edgar Anderson","petal length",4.1,"cm"
"144","3_1929-12-01","3_1929-12-01_A100","Edgar Anderson","petal width",1.3,"cm"
"145","3_1929-12-01","3_1929-12-01_A109","Edgar Anderson","sepal length",6.7,"cm"
"146","3_1929-12-01","3_1929-12-01_A109","Edgar Anderson","sepal width",2.5,"cm"
"147","3_1929-12-01","3_1929-12-01_A109","Edgar Anderson","petal length",5.8,"cm"
"148","3_1929-12-01","3_1929-12-01_A109","Edgar Anderson","petal width",1.8,"cm"
"149","3_1929-12-01","3_1929-12-01_A145","Edgar Anderson","sepal length",6.7,"cm"
"150","3_1929-12-01","3_1929-12-01_A145","Edgar Anderson","sepal width",3.3,"cm"
"151","3_1929-12-01","3_1929-12-01_A145","Edgar Anderson","petal length",5.7,"cm"
"152","3_1929-12-01","3_1929-12-01_A145","Edgar Anderson","petal width",2.5,"cm"
"153","3_1929-12-01","3_1929-12-01_A1","Edgar Anderson","sepal length",5.1,"cm"
"154","3_1929-12-01","3_1929-12-01_A1","Edgar Anderson","sepal width",3.5,"cm"
"155","3_1929-12-01","3_1929-12-01_A1","Edgar Anderson","petal length",1.4,"cm"
"156","3_1929-12-01","3_1929-12-01_A1","Edgar Anderson","petal width",0.2,"cm"
"157","3_1929-12-01","3_1929-12-01_A136","Edgar Anderson","sepal length",7.7,"cm"
"158","3_1929-12-01","3_1929-12-01_A136","Edgar Anderson","sepal width",3,"cm"
"159","3_1929-12-01","3_1929-12-01_A136","Edgar Anderson","petal length",6.1,"cm"
"160","3_1929-12-01","3_1929-12-01_A136","Edgar Anderson","petal width",2.3,"cm"
"161","3_1929-12-01","3_1929-12-01_A82","Edgar Anderson","sepal length",5.5,"cm"
"162","3_1929-12-01","3_1929-12-01_A82","Edgar Anderson","sepal width",2.4,"cm"
"163","3_1929-12-01","3_1929-12-01_A82","Edgar Anderson","petal length",3.7,"cm"
"164","3_1929-12-01","3_1929-12-01_A82","Edgar Anderson","petal width",1,"cm"
"165","3_1929-12-01","3_1929-12-01_A22","Edgar Anderson","sepal length",5.1,"cm"
"166","3_1929-12-01","3_1929-12-01_A22","Edgar Anderson","sepal width",3.7,"cm"
"167","3_1929-12-01","3_1929-12-01_A22","Edgar Anderson","petal length",1.5,"cm"
"168","3_1929-12-01","3_1929-12-01_A22","Edgar Anderson","petal width",0.4,"cm"
"169","3_1929-12-01","3_1929-12-01_A52","Edgar Anderson","sepal length",6.4,"cm"
"170","3_1929-12-01","3_1929-12-01_A52","Edgar Anderson","sepal width",3.2,"cm"
"171","3_1929-12-01","3_1929-12-01_A52","Edgar Anderson","petal length",4.5,"cm"
"172","3_1929-12-01","3_1929-12-01_A52","Edgar Anderson","petal width",1.5,"cm"
"173","3_1929-12-01","3_1929-12-01_A64","Edgar Anderson","sepal length",6.1,"cm"
"174","3_1929-12-01","3_1929-12-01_A64","Edgar Anderson","sepal width",2.9,"cm"
"175","3_1929-12-01","3_1929-12-01_A64","Edgar Anderson","petal length",4.7,"cm"
"176","3_1929-12-01","3_1929-12-01_A64","Edgar Anderson","petal width",1.4,"cm"
"177","3_1929-12-01","3_1929-12-01_A112","Edgar Anderson","sepal length",6.4,"cm"
"178","3_1929-12-01","3_1929-12-01_A112","Edgar Anderson","sepal width",2.7,"cm"
"179","3_1929-12-01","3_1929-12-01_A112","Edgar Anderson","petal length",5.3,"cm"
"180","3_1929-12-01","3_1929-12-01_A112","Edgar Anderson","petal width",1.9,"cm"
"181","2_1930-02-13","2_1930-02-13_A131","Edgar Anderson","sepal length",7.4,"cm"
"182","2_1930-02-13","2_1930-02-13_A131","Edgar Anderson","sepal width",2.8,"cm"
"183","2_1930-02-13","2_1930-02-13_A131","Edgar Anderson","petal length",6.1,"cm"
"184","2_1930-02-13","2_1930-02-13_A131","Edgar Anderson","petal width",1.9,"cm"
"185","2_1930-02-13","2_1930-02-13_A77","Edgar Anderson","sepal length",6.8,"cm"
"186","2_1930-02-13","2_1930-02-13_A77","Edgar Anderson","sepal width",2.8,"cm"
"187","2_1930-02-13","2_1930-02-13_A77","Edgar Anderson","petal length",4.8,"cm"
"188","2_1930-02-13","2_1930-02-13_A77","Edgar Anderson","petal width",1.4,"cm"
"189","2_1930-02-13","2_1930-02-13_A2","Edgar Anderson","sepal length",4.9,"cm"
"190","2_1930-02-13","2_1930-02-13_A2","Edgar Anderson","sepal width",3,"cm"
"191","2_1930-02-13","2_1930-02-13_A2","Edgar Anderson","petal length",1.4,"cm"
"192","2_1930-02-13","2_1930-02-13_A2","Edgar Anderson","petal width",0.2,"cm"
"193","2_1930-02-13","2_1930-02-13_A32","Edgar Anderson","sepal length",5.4,"cm"
"194","2_1930-02-13","2_1930-02-13_A32","Edgar Anderson","sepal width",3.4,"cm"
"195","2_1930-02-13","2_1930-02-13_A32","Edgar Anderson","petal length",1.5,"cm"
"196","2_1930-02-13","2_1930-02-13_A32","Edgar Anderson","petal width",0.4,"cm"
"197","2_1930-02-13","2_1930-02-13_A74","Edgar Anderson","sepal length",6.1,"cm"
"198","2_1930-02-13","2_1930-02-13_A74","Edgar Anderson","sepal width",2.8,"cm"
"199","2_1930-02-13","2_1930-02-13_A74","Edgar Anderson","petal length",4.7,"cm"
"200","2_1930-02-13","2_1930-02-13_A74","Edgar Anderson","petal width",1.2,"cm"
"201","2_1930-02-13","2_1930-02-13_A137","Edgar Anderson","sepal length",6.3,"cm"
"202","2_1930-02-13","2_1930-02-13_A137","Edgar Anderson","sepal width",3.4,"cm"
"203","2_1930-02-13","2_1930-02-13_A137","Edgar Anderson","petal length",5.6,"cm"
"204","2_1930-02-13","2_1930-02-13_A137","Edgar Anderson","petal width",2.4,"cm"
"205","2_1930-02-13","2_1930-02-13_A110","Edgar Anderson","sepal length",7.2,"cm"
"206","2_1930-02-13","2_1930-02-13_A110","Edgar Anderson","sepal width",3.6,"cm"
"207","2_1930-02-13","2_1930-02-13_A110","Edgar Anderson","petal length",6.1,"cm"
"208","2_1930-02-13","2_1930-02-13_A110","Edgar Anderson","petal width",2.5,"cm"
"209","2_1930-02-13","2_1930-02-13_A39","Edgar Anderson","sepal length",5.4,"cm"
"210","2_1930-02-13","2_1930-02-13_A39","Edgar Anderson","sepal width",3.7,"cm"
"211","2_1930-02-13","2_1930-02-13_A39","Edgar Anderson","petal length",1.5,"cm"
"212","2_1930-02-13","2_1930-02-13_A39","Edgar Anderson","petal width",0.2,"cm"
"213","2_1930-02-13","2_1930-02-13_A71","Edgar Anderson","sepal length",5.9,"cm"
"214","2_1930-02-13","2_1930-02-13_A71","Edgar Anderson","sepal width",3.2,"cm"
"215","2_1930-02-13","2_1930-02-13_A71","Edgar Anderson","petal length",4.8,"cm"
"216","2_1930-02-13","2_1930-02-13_A71","Edgar Anderson","petal width",1.8,"cm"
"217","2_1930-02-13","2_1930-02-13_A104","Edgar Anderson","sepal length",6.3,"cm"
"218","2_1930-02-13","2_1930-02-13_A104","Edgar Anderson","sepal width",2.9,"cm"
"219","2_1930-02-13","2_1930-02-13_A104","Edgar Anderson","petal length",5.6,"cm"
"220","2_1930-02-13","2_1930-02-13_A104","Edgar Anderson","petal width",1.8,"cm"
"221","2_1930-02-13","2_1930-02-13_A128","Edgar Anderson","sepal length",6.1,"cm"
"222","2_1930-02-13","2_1930-02-13_A128","Edgar Anderson","sepal width",3,"cm"
"223","2_1930-02-13","2_1930-02-13_A128","Edgar Anderson","petal length",4.9,"cm"
"224","2_1930-02-13","2_1930-02-13_A128","Edgar Anderson","petal width",1.8,"cm"
"225","2_1930-02-13","2_1930-02-13_A143","Edgar Anderson","sepal length",5.8,"cm"
"226","2_1930-02-13","2_1930-02-13_A143","Edgar Anderson","sepal width",2.7,"cm"
"227","2_1930-02-13","2_1930-02-13_A143","Edgar Anderson","petal length",5.1,"cm"
"228","2_1930-02-13","2_1930-02-13_A143","Edgar Anderson","petal width",1.9,"cm"
"229","2_1930-02-13","2_1930-02-13_A8","Edgar Anderson","sepal length",5,"cm"
"230","2_1930-02-13","2_1930-02-13_A8","Edgar Anderson","sepal width",3.4,"cm"
"231","2_1930-02-13","2_1930-02-13_A8","Edgar Anderson","petal length",1.5,"cm"
"232","2_1930-02-13","2_1930-02-13_A8","Edgar Anderson","petal width",0.2,"cm"
"233","2_1930-02-13","2_1930-02-13_A50","Edgar Anderson","sepal length",5,"cm"
"234","2_1930-02-13","2_1930-02-13_A50","Edgar Anderson","sepal width",3.3,"cm"
"235","2_1930-02-13","2_1930-02-13_A50","Edgar Anderson","petal length",1.4,"cm"
"236","2_1930-02-13","2_1930-02-13_A50","Edgar Anderson","petal width",0.2,"cm"
"237","2_1930-02-13","2_1930-02-13_A65","Edgar Anderson","sepal length",5.6,"cm"
"238","2_1930-02-13","2_1930-02-13_A65","Edgar Anderson","sepal width",2.9,"cm"
"239","2_1930-02-13","2_1930-02-13_A65","Edgar Anderson","petal length",3.6,"cm"
"240","2_1930-02-13","2_1930-02-13_A65","Edgar Anderson","petal width",1.3,"cm"
"241","2_1930-02-13","2_1930-02-13_A83","Edgar Anderson","sepal length",5.8,"cm"
"242","2_1930-02-13","2_1930-02-13_A83","Edgar Anderson","sepal width",2.7,"cm"
"243","2_1930-02-13","2_1930-02-13_A83","Edgar Anderson","petal length",3.9,"cm"
"244","2_1930-02-13","2_1930-02-13_A83","Edgar Anderson","petal width",1.2,"cm"
"245","2_1930-02-13","2_1930-02-13_A101","Edgar Anderson","sepal length",6.3,"cm"
"246","2_1930-02-13","2_1930-02-13_A101","Edgar Anderson","sepal width",3.3,"cm"
"247","2_1930-02-13","2_1930-02-13_A101","Edgar Anderson","petal length",6,"cm"
"248","2_1930-02-13","2_1930-02-13_A101","Edgar Anderson","petal width",2.5,"cm"
"249","2_1930-02-13","2_1930-02-13_A119","Edgar Anderson","sepal length",7.7,"cm"
"250","2_1930-02-13","2_1930-02-13_A119","Edgar Anderson","sepal width",2.6,"cm"
"251","2_1930-02-13","2_1930-02-13_A119","Edgar Anderson","petal length",6.9,"cm"
"252","2_1930-02-13","2_1930-02-13_A119","Edgar Anderson","petal width",2.3,"cm"
"253","2_1930-02-13","2_1930-02-13_A14","Edgar Anderson","sepal length",4.3,"cm"
"254","2_1930-02-13","2_1930-02-13_A14","Edgar Anderson","sepal width",3,"cm"
"255","2_1930-02-13","2_1930-02-13_A14","Edgar Anderson","petal length",1.1,"cm"
"256","2_1930-02-13","2_1930-02-13_A14","Edgar Anderson","petal width",0.1,"cm"
"257","2_1930-02-13","2_1930-02-13_A107","Edgar Anderson","sepal length",4.9,"cm"
"258","2_1930-02-13","2_1930-02-13_A107","Edgar Anderson","sepal width",2.5,"cm"
"259","2_1930-02-13","2_1930-02-13_A107","Edgar Anderson","petal length",4.5,"cm"
"260","2_1930-02-13","2_1930-02-13_A107","Edgar Anderson","petal width",1.7,"cm"
"261","2_1930-02-13","2_1930-02-13_A35","Edgar Anderson","sepal length",4.9,"cm"
"262","2_1930-02-13","2_1930-02-13_A35","Edgar Anderson","sepal width",3.1,"cm"
"263","2_1930-02-13","2_1930-02-13_A35","Edgar Anderson","petal length",1.5,"cm"
"264","2_1930-02-13","2_1930-02-13_A35","Edgar Anderson","petal width",0.2,"cm"
"265","2_1930-02-13","2_1930-02-13_A146","Edgar Anderson","sepal length",6.7,"cm"
"266","2_1930-02-13","2_1930-02-13_A146","Edgar Anderson","sepal width",3,"cm"
"267","2_1930-02-13","2_1930-02-13_A146","Edgar Anderson","petal length",5.2,"cm"
"268","2_1930-02-13","2_1930-02-13_A146","Edgar Anderson","petal width",2.3,"cm"
"269","2_1930-02-13","2_1930-02-13_A113","Edgar Anderson","sepal length",6.8,"cm"
"270","2_1930-02-13","2_1930-02-13_A113","Edgar Anderson","sepal width",3,"cm"
"271","2_1930-02-13","2_1930-02-13_A113","Edgar Anderson","petal length",5.5,"cm"
"272","2_1930-02-13","2_1930-02-13_A113","Edgar Anderson","petal width",2.1,"cm"
"273","2_1930-02-13","2_1930-02-13_A92","Edgar Anderson","sepal length",6.1,"cm"
"274","2_1930-02-13","2_1930-02-13_A92","Edgar Anderson","sepal width",3,"cm"
"275","2_1930-02-13","2_1930-02-13_A92","Edgar Anderson","petal length",4.6,"cm"
"276","2_1930-02-13","2_1930-02-13_A92","Edgar Anderson","petal width",1.4,"cm"
"277","2_1930-02-13","2_1930-02-13_A89","Edgar Anderson","sepal length",5.6,"cm"
"278","2_1930-02-13","2_1930-02-13_A89","Edgar Anderson","sepal width",3,"cm"
"279","2_1930-02-13","2_1930-02-13_A89","Edgar Anderson","petal length",4.1,"cm"
"280","2_1930-02-13","2_1930-02-13_A89","Edgar Anderson","petal width",1.3,"cm"
"281","2_1930-02-13","2_1930-02-13_A95","Edgar Anderson","sepal length",5.6,"cm"
"282","2_1930-02-13","2_1930-02-13_A95","Edgar Anderson","sepal width",2.7,"cm"
"283","2_1930-02-13","2_1930-02-13_A95","Edgar Anderson","petal length",4.2,"cm"
"284","2_1930-02-13","2_1930-02-13_A95","Edgar Anderson","petal width",1.3,"cm"
"285","2_1930-02-13","2_1930-02-13_A20","Edgar Anderson","sepal length",5.1,"cm"
"286","2_1930-02-13","2_1930-02-13_A20","Edgar Anderson","sepal width",3.8,"cm"
"287","2_1930-02-13","2_1930-02-13_A20","Edgar Anderson","petal length",1.5,"cm"
"288","2_1930-02-13","2_1930-02-13_A20","Edgar Anderson","petal width",0.3,"cm"
"289","2_1930-02-13","2_1930-02-13_A59","Edgar Anderson","sepal length",6.6,"cm"
"290","2_1930-02-13","2_1930-02-13_A59","Edgar Anderson","sepal width",2.9,"cm"
"291","2_1930-02-13","2_1930-02-13_A59","Edgar Anderson","petal length",4.6,"cm"
"292","2_1930-02-13","2_1930-02-13_A59","Edgar Anderson","petal width",1.3,"cm"
"293","2_1930-02-13","2_1930-02-13_A68","Edgar Anderson","sepal length",5.8,"cm"
"294","2_1930-02-13","2_1930-02-13_A68","Edgar Anderson","sepal width",2.7,"cm"
"295","2_1930-02-13","2_1930-02-13_A68","Edgar Anderson","petal length",4.1,"cm"
"296","2_1930-02-13","2_1930-02-13_A68","Edgar Anderson","petal width",1,"cm"
"297","2_1930-02-13","2_1930-02-13_A86","Edgar Anderson","sepal length",6,"cm"
"298","2_1930-02-13","2_1930-02-13_A86","Edgar Anderson","sepal width",3.4,"cm"
"299","2_1930-02-13","2_1930-02-13_A86","Edgar Anderson","petal length",4.5,"cm"
"300","2_1930-02-13","2_1930-02-13_A86","Edgar Anderson","petal width",1.6,"cm"
"301","2_1930-02-13","2_1930-02-13_A98","Edgar Anderson","sepal length",6.2,"cm"
"302","2_1930-02-13","2_1930-02-13_A98","Edgar Anderson","sepal width",2.9,"cm"
"303","2_1930-02-13","2_1930-02-13_A98","Edgar Anderson","petal length",4.3,"cm"
"304","2_1930-02-13","2_1930-02-13_A98","Edgar Anderson","petal width",1.3,"cm"
"305","2_1930-02-13","2_1930-02-13_A134","Edgar Anderson","sepal length",6.3,"cm"
"306","2_1930-02-13","2_1930-02-13_A134","Edgar Anderson","sepal width",2.8,"cm"
"307","2_1930-02-13","2_1930-02-13_A134","Edgar Anderson","petal length",5.1,"cm"
"308","2_1930-02-13","2_1930-02-13_A134","Edgar Anderson","petal width",1.5,"cm"
"309","2_1930-02-13","2_1930-02-13_A5","Edgar Anderson","sepal length",5,"cm"
"310","2_1930-02-13","2_1930-02-13_A5","Edgar Anderson","sepal width",3.6,"cm"
"311","2_1930-02-13","2_1930-02-13_A5","Edgar Anderson","petal length",1.4,"cm"
"312","2_1930-02-13","2_1930-02-13_A5","Edgar Anderson","petal width",0.2,"cm"
"313","2_1930-02-13","2_1930-02-13_A26","Edgar Anderson","sepal length",5,"cm"
"314","2_1930-02-13","2_1930-02-13_A26","Edgar Anderson","sepal width",3,"cm"
"315","2_1930-02-13","2_1930-02-13_A26","Edgar Anderson","petal length",1.6,"cm"
"316","2_1930-02-13","2_1930-02-13_A26","Edgar Anderson","petal width",0.2,"cm"
"317","2_1930-02-13","2_1930-02-13_A38","Edgar Anderson","sepal length",4.9,"cm"
"318","2_1930-02-13","2_1930-02-13_A38","Edgar Anderson","sepal width",3.6,"cm"
"319","2_1930-02-13","2_1930-02-13_A38","Edgar Anderson","petal length",1.4,"cm"
"320","2_1930-02-13","2_1930-02-13_A38","Edgar Anderson","petal width",0.1,"cm"
"321","2_1930-02-13","2_1930-02-13_A41","Edgar Anderson","sepal length",5,"cm"
"322","2_1930-02-13","2_1930-02-13_A41","Edgar Anderson","sepal width",3.5,"cm"
"323","2_1930-02-13","2_1930-02-13_A41","Edgar Anderson","petal length",1.3,"cm"
"324","2_1930-02-13","2_1930-02-13_A41","Edgar Anderson","petal width",0.3,"cm"
"325","2_1930-02-13","2_1930-02-13_A125","Edgar Anderson","sepal length",6.7,"cm"
"326","2_1930-02-13","2_1930-02-13_A125","Edgar Anderson","sepal width",3.3,"cm"
"327","2_1930-02-13","2_1930-02-13_A125","Edgar Anderson","petal length",5.7,"cm"
"328","2_1930-02-13","2_1930-02-13_A125","Edgar Anderson","petal width",2.1,"cm"
"329","2_1930-02-13","2_1930-02-13_A140","Edgar Anderson","sepal length",6.9,"cm"
"330","2_1930-02-13","2_1930-02-13_A140","Edgar Anderson","sepal width",3.1,"cm"
"331","2_1930-02-13","2_1930-02-13_A140","Edgar Anderson","petal length",5.4,"cm"
"332","2_1930-02-13","2_1930-02-13_A140","Edgar Anderson","petal width",2.1,"cm"
"333","2_1930-02-13","2_1930-02-13_A149","Edgar Anderson","sepal length",6.2,"cm"
"334","2_1930-02-13","2_1930-02-13_A149","Edgar Anderson","sepal width",3.4,"cm"
"335","2_1930-02-13","2_1930-02-13_A149","Edgar Anderson","petal length",5.4,"cm"
"336","2_1930-02-13","2_1930-02-13_A149","Edgar Anderson","petal width",2.3,"cm"
"337","2_1930-02-13","2_1930-02-13_A23","Edgar Anderson","sepal length",4.6,"cm"
"338","2_1930-02-13","2_1930-02-13_A23","Edgar Anderson","sepal width",3.6,"cm"
"339","2_1930-02-13","2_1930-02-13_A23","Edgar Anderson","petal length",1,"cm"
"340","2_1930-02-13","2_1930-02-13_A23","Edgar Anderson","petal width",0.2,"cm"
"341","2_1930-02-13","2_1930-02-13_A47","Edgar Anderson","sepal length",5.1,"cm"
"342","2_1930-02-13","2_1930-02-13_A47","Edgar Anderson","sepal width",3.8,"cm"
"343","2_1930-02-13","2_1930-02-13_A47","Edgar Anderson","petal length",1.6,"cm"
"344","2_1930-02-13","2_1930-02-13_A47","Edgar Anderson","petal width",0.2,"cm"
"345","2_1930-02-13","2_1930-02-13_A80","Edgar Anderson","sepal length",5.7,"cm"
"346","2_1930-02-13","2_1930-02-13_A80","Edgar Anderson","sepal width",2.6,"cm"
"347","2_1930-02-13","2_1930-02-13_A80","Edgar Anderson","petal length",3.5,"cm"
"348","2_1930-02-13","2_1930-02-13_A80","Edgar Anderson","petal width",1,"cm"
"349","2_1930-02-13","2_1930-02-13_A116","Edgar Anderson","sepal length",6.4,"cm"
"350","2_1930-02-13","2_1930-02-13_A116","Edgar Anderson","sepal width",3.2,"cm"
"351","2_1930-02-13","2_1930-02-13_A116","Edgar Anderson","petal length",5.3,"cm"
"352","2_1930-02-13","2_1930-02-13_A116","Edgar Anderson","petal width",2.3,"cm"
"353","2_1930-02-13","2_1930-02-13_A29","Edgar Anderson","sepal length",5.2,"cm"
"354","2_1930-02-13","2_1930-02-13_A29","Edgar Anderson","sepal width",3.4,"cm"
"355","2_1930-02-13","2_1930-02-13_A29","Edgar Anderson","petal length",1.4,"cm"
"356","2_1930-02-13","2_1930-02-13_A29","Edgar Anderson","petal width",0.2,"cm"
"357","2_1930-02-13","2_1930-02-13_A122","Edgar Anderson","sepal length",5.6,"cm"
"358","2_1930-02-13","2_1930-02-13_A122","Edgar Anderson","sepal width",2.8,"cm"
"359","2_1930-02-13","2_1930-02-13_A122","Edgar Anderson","petal length",4.9,"cm"
"360","2_1930-02-13","2_1930-02-13_A122","Edgar Anderson","petal width",2,"cm"
"361","2_1930-02-13","2_1930-02-13_A62","Edgar Anderson","sepal length",5.9,"cm"
"362","2_1930-02-13","2_1930-02-13_A62","Edgar Anderson","sepal width",3,"cm"
"363","2_1930-02-13","2_1930-02-13_A62","Edgar Anderson","petal length",4.2,"cm"
"364","2_1930-02-13","2_1930-02-13_A62","Edgar Anderson","petal width",1.5,"cm"
"365","2_1930-02-13","2_1930-02-13_A17","Edgar Anderson","sepal length",5.4,"cm"
"366","2_1930-02-13","2_1930-02-13_A17","Edgar Anderson","sepal width",3.9,"cm"
"367","2_1930-02-13","2_1930-02-13_A17","Edgar Anderson","petal length",1.3,"cm"
"368","2_1930-02-13","2_1930-02-13_A17","Edgar Anderson","petal width",0.4,"cm"
"369","2_1930-02-13","2_1930-02-13_A53","Edgar Anderson","sepal length",6.9,"cm"
"370","2_1930-02-13","2_1930-02-13_A53","Edgar Anderson","sepal width",3.1,"cm"
"371","2_1930-02-13","2_1930-02-13_A53","Edgar Anderson","petal length",4.9,"cm"
"372","2_1930-02-13","2_1930-02-13_A53","Edgar Anderson","petal width",1.5,"cm"
"373","1_1929-12-01","1_1929-12-01_A12","Edgar Anderson","sepal length",4.8,"cm"
"374","1_1929-12-01","1_1929-12-01_A12","Edgar Anderson","sepal width",3.4,"cm"
"375","1_1929-12-01","1_1929-12-01_A12","Edgar Anderson","petal length",1.6,"cm"
"376","1_1929-12-01","1_1929-12-01_A12","Edgar Anderson","petal width",0.2,"cm"
"377","1_1929-12-01","1_1929-12-01_A60","Edgar Anderson","sepal length",5.2,"cm"
"378","1_1929-12-01","1_1929-12-01_A60","Edgar Anderson","sepal width",2.7,"cm"
"379","1_1929-12-01","1_1929-12-01_A60","Edgar Anderson","petal length",3.9,"cm"
"380","1_1929-12-01","1_1929-12-01_A60","Edgar Anderson","petal width",1.4,"cm"
"381","1_1929-12-01","1_1929-12-01_A63","Edgar Anderson","sepal length",6,"cm"
"382","1_1929-12-01","1_1929-12-01_A63","Edgar Anderson","sepal width",2.2,"cm"
"383","1_1929-12-01","1_1929-12-01_A63","Edgar Anderson","petal length",4,"cm"
"384","1_1929-12-01","1_1929-12-01_A63","Edgar Anderson","petal width",1,"cm"
"385","1_1929-12-01","1_1929-12-01_A75","Edgar Anderson","sepal length",6.4,"cm"
"386","1_1929-12-01","1_1929-12-01_A75","Edgar Anderson","sepal width",2.9,"cm"
"387","1_1929-12-01","1_1929-12-01_A75","Edgar Anderson","petal length",4.3,"cm"
"388","1_1929-12-01","1_1929-12-01_A75","Edgar Anderson","petal width",1.3,"cm"
"389","1_1929-12-01","1_1929-12-01_A147","Edgar Anderson","sepal length",6.3,"cm"
"390","1_1929-12-01","1_1929-12-01_A147","Edgar Anderson","sepal width",2.5,"cm"
"391","1_1929-12-01","1_1929-12-01_A147","Edgar Anderson","petal length",5,"cm"
"392","1_1929-12-01","1_1929-12-01_A147","Edgar Anderson","petal width",1.9,"cm"
"393","1_1929-12-01","1_1929-12-01_A150","Edgar Anderson","sepal length",5.9,"cm"
"394","1_1929-12-01","1_1929-12-01_A150","Edgar Anderson","sepal width",3,"cm"
"395","1_1929-12-01","1_1929-12-01_A150","Edgar Anderson","petal length",5.1,"cm"
"396","1_1929-12-01","1_1929-12-01_A150","Edgar Anderson","petal width",1.8,"cm"
"397","1_1929-12-01","1_1929-12-01_A132","Edgar Anderson","sepal length",7.9,"cm"
"398","1_1929-12-01","1_1929-12-01_A132","Edgar Anderson","sepal width",3.8,"cm"
"399","1_1929-12-01","1_1929-12-01_A132","Edgar Anderson","petal length",6.4,"cm"
"400","1_1929-12-01","1_1929-12-01_A132","Edgar Anderson","petal width",2,"cm"
"401","1_1929-12-01","1_1929-12-01_A54","Edgar Anderson","sepal length",5.5,"cm"
"402","1_1929-12-01","1_1929-12-01_A54","Edgar Anderson","sepal width",2.3,"cm"
"403","1_1929-12-01","1_1929-12-01_A54","Edgar Anderson","petal length",4,"cm"
"404","1_1929-12-01","1_1929-12-01_A54","Edgar Anderson","petal width",1.3,"cm"
"405","1_1929-12-01","1_1929-12-01_A81","Edgar Anderson","sepal length",5.5,"cm"
"406","1_1929-12-01","1_1929-12-01_A81","Edgar Anderson","sepal width",2.4,"cm"
"407","1_1929-12-01","1_1929-12-01_A81","Edgar Anderson","petal length",3.8,"cm"
"408","1_1929-12-01","1_1929-12-01_A81","Edgar Anderson","petal width",1.1,"cm"
"409","1_1929-12-01","1_1929-12-01_A42","Edgar Anderson","sepal length",4.5,"cm"
"410","1_1929-12-01","1_1929-12-01_A42","Edgar Anderson","sepal width",2.3,"cm"
"411","1_1929-12-01","1_1929-12-01_A42","Edgar Anderson","petal length",1.3,"cm"
"412","1_1929-12-01","1_1929-12-01_A42","Edgar Anderson","petal width",0.3,"cm"
"413","1_1929-12-01","1_1929-12-01_A27","Edgar Anderson","sepal length",5,"cm"
"414","1_1929-12-01","1_1929-12-01_A27","Edgar Anderson","sepal width",3.4,"cm"
"415","1_1929-12-01","1_1929-12-01_A27","Edgar Anderson","petal length",1.6,"cm"
"416","1_1929-12-01","1_1929-12-01_A27","Edgar Anderson","petal width",0.4,"cm"
"417","1_1929-12-01","1_1929-12-01_A129","Edgar Anderson","sepal length",6.4,"cm"
"418","1_1929-12-01","1_1929-12-01_A129","Edgar Anderson","sepal width",2.8,"cm"
"419","1_1929-12-01","1_1929-12-01_A129","Edgar Anderson","petal length",5.6,"cm"
"420","1_1929-12-01","1_1929-12-01_A129","Edgar Anderson","petal width",2.1,"cm"
"421","1_1929-12-01","1_1929-12-01_A18","Edgar Anderson","sepal length",5.1,"cm"
"422","1_1929-12-01","1_1929-12-01_A18","Edgar Anderson","sepal width",3.5,"cm"
"423","1_1929-12-01","1_1929-12-01_A18","Edgar Anderson","petal length",1.4,"cm"
"424","1_1929-12-01","1_1929-12-01_A18","Edgar Anderson","petal width",0.3,"cm"
"425","1_1929-12-01","1_1929-12-01_A39","Edgar Anderson","sepal length",4.4,"cm"
"426","1_1929-12-01","1_1929-12-01_A39","Edgar Anderson","sepal width",3,"cm"
"427","1_1929-12-01","1_1929-12-01_A39","Edgar Anderson","petal length",1.3,"cm"
"428","1_1929-12-01","1_1929-12-01_A39","Edgar Anderson","petal width",0.2,"cm"
"429","1_1929-12-01","1_1929-12-01_A57","Edgar Anderson","sepal length",6.3,"cm"
"430","1_1929-12-01","1_1929-12-01_A57","Edgar Anderson","sepal width",3.3,"cm"
"431","1_1929-12-01","1_1929-12-01_A57","Edgar Anderson","petal length",4.7,"cm"
"432","1_1929-12-01","1_1929-12-01_A57","Edgar Anderson","petal width",1.6,"cm"
"433","1_1929-12-01","1_1929-12-01_A66","Edgar Anderson","sepal length",6.7,"cm"
"434","1_1929-12-01","1_1929-12-01_A66","Edgar Anderson","sepal width",3.1,"cm"
"435","1_1929-12-01","1_1929-12-01_A66","Edgar Anderson","petal length",4.4,"cm"
"436","1_1929-12-01","1_1929-12-01_A66","Edgar Anderson","petal width",1.4,"cm"
"437","1_1929-12-01","1_1929-12-01_A111","Edgar Anderson","sepal length",6.5,"cm"
"438","1_1929-12-01","1_1929-12-01_A111","Edgar Anderson","sepal width",3.2,"cm"
"439","1_1929-12-01","1_1929-12-01_A111","Edgar Anderson","petal length",5.1,"cm"
"440","1_1929-12-01","1_1929-12-01_A111","Edgar Anderson","petal width",2,"cm"
"441","1_1929-12-01","1_1929-12-01_A138","Edgar Anderson","sepal length",6.4,"cm"
"442","1_1929-12-01","1_1929-12-01_A138","Edgar Anderson","sepal width",3.1,"cm"
"443","1_1929-12-01","1_1929-12-01_A138","Edgar Anderson","petal length",5.5,"cm"
"444","1_1929-12-01","1_1929-12-01_A138","Edgar Anderson","petal width",1.8,"cm"
"445","1_1929-12-01","1_1929-12-01_A3","Edgar Anderson","sepal length",4.7,"cm"
"446","1_1929-12-01","1_1929-12-01_A3","Edgar Anderson","sepal width",3.2,"cm"
"447","1_1929-12-01","1_1929-12-01_A3","Edgar Anderson","petal length",1.3,"cm"
"448","1_1929-12-01","1_1929-12-01_A3","Edgar Anderson","petal width",0.2,"cm"
"449","1_1929-12-01","1_1929-12-01_A36","Edgar Anderson","sepal length",5,"cm"
"450","1_1929-12-01","1_1929-12-01_A36","Edgar Anderson","sepal width",3.2,"cm"
"451","1_1929-12-01","1_1929-12-01_A36","Edgar Anderson","petal length",1.2,"cm"
"452","1_1929-12-01","1_1929-12-01_A36","Edgar Anderson","petal width",0.2,"cm"
"453","1_1929-12-01","1_1929-12-01_A96","Edgar Anderson","sepal length",5.7,"cm"
"454","1_1929-12-01","1_1929-12-01_A96","Edgar Anderson","sepal width",3,"cm"
"455","1_1929-12-01","1_1929-12-01_A96","Edgar Anderson","petal length",4.2,"cm"
"456","1_1929-12-01","1_1929-12-01_A96","Edgar Anderson","petal width",1.2,"cm"
"457","1_1929-12-01","1_1929-12-01_A105","Edgar Anderson","sepal length",6.5,"cm"
"458","1_1929-12-01","1_1929-12-01_A105","Edgar Anderson","sepal width",3,"cm"
"459","1_1929-12-01","1_1929-12-01_A105","Edgar Anderson","petal length",5.8,"cm"
"460","1_1929-12-01","1_1929-12-01_A105","Edgar Anderson","petal width",2.2,"cm"
"461","1_1929-12-01","1_1929-12-01_A99","Edgar Anderson","sepal length",5.1,"cm"
"462","1_1929-12-01","1_1929-12-01_A99","Edgar Anderson","sepal width",2.5,"cm"
"463","1_1929-12-01","1_1929-12-01_A99","Edgar Anderson","petal length",3,"cm"
"464","1_1929-12-01","1_1929-12-01_A99","Edgar Anderson","petal width",1.1,"cm"
"465","1_1929-12-01","1_1929-12-01_A48","Edgar Anderson","sepal length",4.6,"cm"
"466","1_1929-12-01","1_1929-12-01_A48","Edgar Anderson","sepal width",3.2,"cm"
"467","1_1929-12-01","1_1929-12-01_A48","Edgar Anderson","petal length",1.4,"cm"
"468","1_1929-12-01","1_1929-12-01_A48","Edgar Anderson","petal width",0.2,"cm"
"469","1_1929-12-01","1_1929-12-01_A141","Edgar Anderson","sepal length",6.7,"cm"
"470","1_1929-12-01","1_1929-12-01_A141","Edgar Anderson","sepal width",3.1,"cm"
"471","1_1929-12-01","1_1929-12-01_A141","Edgar Anderson","petal length",5.6,"cm"
"472","1_1929-12-01","1_1929-12-01_A141","Edgar Anderson","petal width",2.4,"cm"
"473","1_1929-12-01","1_1929-12-01_A102","Edgar Anderson","sepal length",5.8,"cm"
"474","1_1929-12-01","1_1929-12-01_A102","Edgar Anderson","sepal width",2.7,"cm"
"475","1_1929-12-01","1_1929-12-01_A102","Edgar Anderson","petal length",5.1,"cm"
"476","1_1929-12-01","1_1929-12-01_A102","Edgar Anderson","petal width",1.9,"cm"
"477","1_1929-12-01","1_1929-12-01_A24","Edgar Anderson","sepal length",5.1,"cm"
"478","1_1929-12-01","1_1929-12-01_A24","Edgar Anderson","sepal width",3.3,"cm"
"479","1_1929-12-01","1_1929-12-01_A24","Edgar Anderson","petal length",1.7,"cm"
"480","1_1929-12-01","1_1929-12-01_A24","Edgar Anderson","petal width",0.5,"cm"
"481","1_1929-12-01","1_1929-12-01_A45","Edgar Anderson","sepal length",5.1,"cm"
"482","1_1929-12-01","1_1929-12-01_A45","Edgar Anderson","sepal width",3.8,"cm"
"483","1_1929-12-01","1_1929-12-01_A45","Edgar Anderson","petal length",1.7,"cm"
"484","1_1929-12-01","1_1929-12-01_A45","Edgar Anderson","petal width",0.4,"cm"
"485","1_1929-12-01","1_1929-12-01_A117","Edgar Anderson","sepal length",6.5,"cm"
"486","1_1929-12-01","1_1929-12-01_A117","Edgar Anderson","sepal width",3,"cm"
"487","1_1929-12-01","1_1929-12-01_A117","Edgar Anderson","petal length",5.5,"cm"
"488","1_1929-12-01","1_1929-12-01_A117","Edgar Anderson","petal width",1.8,"cm"
"489","1_1929-12-01","1_1929-12-01_A120","Edgar Anderson","sepal length",6,"cm"
"490","1_1929-12-01","1_1929-12-01_A120","Edgar Anderson","sepal width",2.2,"cm"
"491","1_1929-12-01","1_1929-12-01_A120","Edgar Anderson","petal length",5,"cm"
"492","1_1929-12-01","1_1929-12-01_A120","Edgar Anderson","petal width",1.5,"cm"
"493","1_1929-12-01","1_1929-12-01_A30","Edgar Anderson","sepal length",4.7,"cm"
"494","1_1929-12-01","1_1929-12-01_A30","Edgar Anderson","sepal width",3.2,"cm"
"495","1_1929-12-01","1_1929-12-01_A30","Edgar Anderson","petal length",1.6,"cm"
"496","1_1929-12-01","1_1929-12-01_A30","Edgar Anderson","petal width",0.2,"cm"
"497","1_1929-12-01","1_1929-12-01_A84","Edgar Anderson","sepal length",6,"cm"
"498","1_1929-12-01","1_1929-12-01_A84","Edgar Anderson","sepal width",2.7,"cm"
"499","1_1929-12-01","1_1929-12-01_A84","Edgar Anderson","petal length",5.1,"cm"
"500","1_1929-12-01","1_1929-12-01_A84","Edgar Anderson","petal width",1.6,"cm"
"501","1_1929-12-01","1_1929-12-01_A33","Edgar Anderson","sepal length",5.2,"cm"
"502","1_1929-12-01","1_1929-12-01_A33","Edgar Anderson","sepal width",4.1,"cm"
"503","1_1929-12-01","1_1929-12-01_A33","Edgar Anderson","petal length",1.5,"cm"
"504","1_1929-12-01","1_1929-12-01_A33","Edgar Anderson","petal width",0.1,"cm"
"505","1_1929-12-01","1_1929-12-01_A9","Edgar Anderson","sepal length",4.4,"cm"
"506","1_1929-12-01","1_1929-12-01_A9","Edgar Anderson","sepal width",2.9,"cm"
"507","1_1929-12-01","1_1929-12-01_A9","Edgar Anderson","petal length",1.4,"cm"
"508","1_1929-12-01","1_1929-12-01_A9","Edgar Anderson","petal width",0.2,"cm"
"509","1_1929-12-01","1_1929-12-01_A87","Edgar Anderson","sepal length",6.7,"cm"
"510","1_1929-12-01","1_1929-12-01_A87","Edgar Anderson","sepal width",3.1,"cm"
"511","1_1929-12-01","1_1929-12-01_A87","Edgar Anderson","petal length",4.7,"cm"
"512","1_1929-12-01","1_1929-12-01_A87","Edgar Anderson","petal width",1.5,"cm"
"513","1_1929-12-01","1_1929-12-01_A15","Edgar Anderson","sepal length",5.8,"cm"
"514","1_1929-12-01","1_1929-12-01_A15","Edgar Anderson","sepal width",4,"cm"
"515","1_1929-12-01","1_1929-12-01_A15","Edgar Anderson","petal length",1.2,"cm"
"516","1_1929-12-01","1_1929-12-01_A15","Edgar Anderson","petal width",0.2,"cm"
"517","1_1929-12-01","1_1929-12-01_A21","Edgar Anderson","sepal length",5.4,"cm"
"518","1_1929-12-01","1_1929-12-01_A21","Edgar Anderson","sepal width",3.4,"cm"
"519","1_1929-12-01","1_1929-12-01_A21","Edgar Anderson","petal length",1.7,"cm"
"520","1_1929-12-01","1_1929-12-01_A21","Edgar Anderson","petal width",0.2,"cm"
"521","1_1929-12-01","1_1929-12-01_A69","Edgar Anderson","sepal length",6.2,"cm"
"522","1_1929-12-01","1_1929-12-01_A69","Edgar Anderson","sepal width",2.2,"cm"
"523","1_1929-12-01","1_1929-12-01_A69","Edgar Anderson","petal length",4.5,"cm"
"524","1_1929-12-01","1_1929-12-01_A69","Edgar Anderson","petal width",1.5,"cm"
"525","1_1929-12-01","1_1929-12-01_A108","Edgar Anderson","sepal length",7.3,"cm"
"526","1_1929-12-01","1_1929-12-01_A108","Edgar Anderson","sepal width",2.9,"cm"
"527","1_1929-12-01","1_1929-12-01_A108","Edgar Anderson","petal length",6.3,"cm"
"528","1_1929-12-01","1_1929-12-01_A108","Edgar Anderson","petal width",1.8,"cm"
"529","1_1929-12-01","1_1929-12-01_A135","Edgar Anderson","sepal length",6.1,"cm"
"530","1_1929-12-01","1_1929-12-01_A135","Edgar Anderson","sepal width",2.6,"cm"
"531","1_1929-12-01","1_1929-12-01_A135","Edgar Anderson","petal length",5.6,"cm"
"532","1_1929-12-01","1_1929-12-01_A135","Edgar Anderson","petal width",1.4,"cm"
"533","1_1929-12-01","1_1929-12-01_A144","Edgar Anderson","sepal length",6.8,"cm"
"534","1_1929-12-01","1_1929-12-01_A144","Edgar Anderson","sepal width",3.2,"cm"
"535","1_1929-12-01","1_1929-12-01_A144","Edgar Anderson","petal length",5.9,"cm"
"536","1_1929-12-01","1_1929-12-01_A144","Edgar Anderson","petal width",2.3,"cm"
"537","1_1929-12-01","1_1929-12-01_A78","Edgar Anderson","sepal length",6.7,"cm"
"538","1_1929-12-01","1_1929-12-01_A78","Edgar Anderson","sepal width",3,"cm"
"539","1_1929-12-01","1_1929-12-01_A78","Edgar Anderson","petal length",5,"cm"
"540","1_1929-12-01","1_1929-12-01_A78","Edgar Anderson","petal width",1.7,"cm"
